{
    "difficulty": {
        "train": {
            "accuracy": 0.7833333333333333,
            "precision": 0.7570249597423511,
            "recall": 0.7833333333333333,
            "f1": 0.7554393939393939,
            "report": {
                "advanced": {
                    "precision": 0.5,
                    "recall": 0.21428571428571427,
                    "f1-score": 0.3,
                    "support": 14
                },
                "beginner": {
                    "precision": 0.8115942028985508,
                    "recall": 0.9438202247191011,
                    "f1-score": 0.8727272727272727,
                    "support": 178
                },
                "intermediate": {
                    "precision": 0.6296296296296297,
                    "recall": 0.3541666666666667,
                    "f1-score": 0.45333333333333337,
                    "support": 48
                },
                "accuracy": 0.7833333333333333,
                "macro avg": {
                    "precision": 0.6470746108427269,
                    "recall": 0.5040908685571607,
                    "f1-score": 0.542020202020202,
                    "support": 240
                },
                "weighted avg": {
                    "precision": 0.7570249597423511,
                    "recall": 0.7833333333333333,
                    "f1-score": 0.7554393939393939,
                    "support": 240
                }
            },
            "confusion_matrix": [
                [
                    3,
                    9,
                    2
                ],
                [
                    2,
                    168,
                    8
                ],
                [
                    1,
                    30,
                    17
                ]
            ]
        },
        "test": {
            "accuracy": 0.6333333333333333,
            "precision": 0.5160493827160494,
            "recall": 0.6333333333333333,
            "f1": 0.5687074829931973,
            "report": {
                "advanced": {
                    "precision": 0.0,
                    "recall": 0.0,
                    "f1-score": 0.0,
                    "support": 4
                },
                "beginner": {
                    "precision": 0.7037037037037037,
                    "recall": 0.8636363636363636,
                    "f1-score": 0.7755102040816326,
                    "support": 44
                },
                "intermediate": {
                    "precision": 0.0,
                    "recall": 0.0,
                    "f1-score": 0.0,
                    "support": 12
                },
                "accuracy": 0.6333333333333333,
                "macro avg": {
                    "precision": 0.23456790123456792,
                    "recall": 0.2878787878787879,
                    "f1-score": 0.2585034013605442,
                    "support": 60
                },
                "weighted avg": {
                    "precision": 0.5160493827160494,
                    "recall": 0.6333333333333333,
                    "f1-score": 0.5687074829931973,
                    "support": 60
                }
            },
            "confusion_matrix": [
                [
                    0,
                    4,
                    0
                ],
                [
                    0,
                    38,
                    6
                ],
                [
                    0,
                    12,
                    0
                ]
            ]
        }
    },
    "sets": {
        "train": {
            "accuracy": 0.7916666666666666,
            "precision": 0.7419002045364349,
            "recall": 0.7916666666666666,
            "f1": 0.7496665564981089,
            "report": {
                "2": {
                    "precision": 0.7430167597765364,
                    "recall": 0.9925373134328358,
                    "f1-score": 0.8498402555910544,
                    "support": 134
                },
                "3": {
                    "precision": 0.9344262295081968,
                    "recall": 0.6785714285714286,
                    "f1-score": 0.7862068965517242,
                    "support": 84
                },
                "4": {
                    "precision": 0.0,
                    "recall": 0.0,
                    "f1-score": 0.0,
                    "support": 22
                },
                "accuracy": 0.7916666666666666,
                "macro avg": {
                    "precision": 0.559147663094911,
                    "recall": 0.5570362473347549,
                    "f1-score": 0.5453490507142594,
                    "support": 240
                },
                "weighted avg": {
                    "precision": 0.7419002045364349,
                    "recall": 0.7916666666666666,
                    "f1-score": 0.7496665564981089,
                    "support": 240
                }
            },
            "confusion_matrix": [
                [
                    133,
                    1,
                    0
                ],
                [
                    27,
                    57,
                    0
                ],
                [
                    19,
                    3,
                    0
                ]
            ]
        },
        "test": {
            "accuracy": 0.43333333333333335,
            "precision": 0.3622222222222222,
            "recall": 0.43333333333333335,
            "f1": 0.3880341880341881,
            "report": {
                "2": {
                    "precision": 0.4888888888888889,
                    "recall": 0.6666666666666666,
                    "f1-score": 0.5641025641025641,
                    "support": 33
                },
                "3": {
                    "precision": 0.26666666666666666,
                    "recall": 0.19047619047619047,
                    "f1-score": 0.2222222222222222,
                    "support": 21
                },
                "4": {
                    "precision": 0.0,
                    "recall": 0.0,
                    "f1-score": 0.0,
                    "support": 6
                },
                "accuracy": 0.43333333333333335,
                "macro avg": {
                    "precision": 0.2518518518518518,
                    "recall": 0.2857142857142857,
                    "f1-score": 0.2621082621082621,
                    "support": 60
                },
                "weighted avg": {
                    "precision": 0.3622222222222222,
                    "recall": 0.43333333333333335,
                    "f1-score": 0.3880341880341881,
                    "support": 60
                }
            },
            "confusion_matrix": [
                [
                    22,
                    11,
                    0
                ],
                [
                    17,
                    4,
                    0
                ],
                [
                    6,
                    0,
                    0
                ]
            ]
        }
    },
    "reps": {
        "train": {
            "accuracy": 0.7708333333333334,
            "precision": 0.781806654289097,
            "recall": 0.7708333333333334,
            "f1": 0.7122488387224791,
            "report": {
                "8": {
                    "precision": 0.7177914110429447,
                    "recall": 0.9915254237288136,
                    "f1-score": 0.8327402135231318,
                    "support": 118
                },
                "10": {
                    "precision": 0.881578947368421,
                    "recall": 0.788235294117647,
                    "f1-score": 0.8322981366459626,
                    "support": 85
                },
                "12": {
                    "precision": 1.0,
                    "recall": 0.03571428571428571,