{
    "difficulty": {
        "train": {
            "accuracy": 0.8,
            "precision": 0.765625,
            "recall": 0.8,
            "f1": 0.7733333333333333,
            "report": {
                "advanced": {
                    "precision": 0.0,
                    "recall": 0.0,
                    "f1-score": 0.0,
                    "support": 6
                },
                "beginner": {
                    "precision": 0.8221153846153846,
                    "recall": 0.9395604395604396,
                    "f1-score": 0.8769230769230769,
                    "support": 182
                },
                "intermediate": {
                    "precision": 0.65625,
                    "recall": 0.40384615384615385,
                    "f1-score": 0.5000000000000001,
                    "support": 52
                },
                "accuracy": 0.8,
                "macro avg": {
                    "precision": 0.4927884615384615,
                    "recall": 0.4478021978021978,
                    "f1-score": 0.45897435897435895,
                    "support": 240
                },
                "weighted avg": {
                    "precision": 0.765625,
                    "recall": 0.8,
                    "f1-score": 0.7733333333333333,
                    "support": 240
                }
            },
            "confusion_matrix": [
                [
                    0,
                    6,
                    0
                ],
                [
                    0,
                    171,
                    11
                ],
                [
                    0,
                    31,
                    21
                ]
            ]
        },
        "test": {
            "accuracy": 0.6833333333333333,
            "precision": 0.5715151515151515,
            "recall": 0.6833333333333333,
            "f1": 0.6224422442244225,
            "report": {
                "advanced": {
                    "precision": 0.0,
                    "recall": 0.0,
                    "f1-score": 0.0,
                    "support": 1
                },
                "beginner": {
                    "precision": 0.7454545454545455,
                    "recall": 0.8913043478260869,
                    "f1-score": 0.8118811881188119,
                    "support": 46
                },
                "intermediate": {
                    "precision": 0.0,
                    "recall": 0.0,
                    "f1-score": 0.0,
                    "support": 13
                },
                "accuracy": 0.6833333333333333,
                "macro avg": {
                    "precision": 0.2484848484848485,
                    "recall": 0.2971014492753623,
                    "f1-score": 0.2706270627062706,
                    "support": 60
                },
                "weighted avg": {
                    "precision": 0.5715151515151515,
                    "recall": 0.6833333333333333,
                    "f1-score": 0.6224422442244225,
                    "support": 60
                }
            },
            "confusion_matrix": [
                [
                    0,
                    1,
                    0
                ],
                [
                    0,
                    41,
                    5
                ],
                [
                    0,
                    13,
                    0
                ]
            ]
        }
    },
    "sets": {
        "train": {
            "accuracy": 0.7666666666666667,
            "precision": 0.7456890331890331,
            "recall": 0.7666666666666667,
            "f1": 0.7242391304347826,
            "report": {
                "2": {
                    "precision": 0.7373737373737373,
                    "recall": 0.9931972789115646,
                    "f1-score": 0.846376811594203,
                    "support": 147
                },
                "3": {
                    "precision": 0.9047619047619048,
                    "recall": 0.48717948717948717,
                    "f1-score": 0.6333333333333333,
                    "support": 78
                },
                "4": {
                    "precision": 0.0,
                    "recall": 0.0,
                    "f1-score": 0.0,
                    "support": 15
                },
                "accuracy": 0.7666666666666667,
                "macro avg": {
                    "precision": 0.5473785473785474,
                    "recall": 0.49345892203035063,
                    "f1-score": 0.4932367149758454,
                    "support": 240
                },
                "weighted avg": {
                    "precision": 0.7456890331890331,
                    "recall": 0.7666666666666667,
                    "f1-score": 0.7242391304347826,
                    "support": 240
                }
            },
            "confusion_matrix": [
                [
                    146,
                    1,
                    0
                ],
                [
                    40,
                    38,
                    0
                ],
                [
                    12,
                    3,
                    0
                ]
            ]
        },
        "test": {
            "accuracy": 0.55,
            "precision": 0.37,
            "recall": 0.55,
            "f1": 0.44239130434782614,
            "report": {
                "2": {
                    "precision": 0.6,
                    "recall": 0.8918918918918919,
                    "f1-score": 0.7173913043478262,
                    "support": 37
                },
                "3": {
                    "precision": 0.0,
                    "recall": 0.0,
                    "f1-score": 0.0,
                    "support": 19
                },
                "4": {
                    "precision": 0.0,
                    "recall": 0.0,
                    "f1-score": 0.0,
                    "support": 4
                },
                "accuracy": 0.55,
                "macro avg": {
                    "precision": 0.19999999999999998,
                    "recall": 0.2972972972972973,
                    "f1-score": 0.23913043478260873,
                    "support": 60
                },
                "weighted avg": {
                    "precision": 0.37,
                    "recall": 0.55,
                    "f1-score": 0.44239130434782614,
                    "support": 60
                }
            },
            "confusion_matrix": [
                [
                    33,
                    4,
                    0
                ],
                [
                    19,
                    0,
                    0
                ],
                [
                    3,
                    1,
                    0
                ]
            ]
        }
    },
    "reps": {
        "train": {
            "accuracy": 0.8208333333333333,
            "precision": 0.7319444444444445,
            "recall": 0.8208333333333333,
            "f1": 0.7707484216414928,
            "report": {
                "8": {
                    "precision": 0.7708333333333334,
                    "recall": 0.9736842105263158,
                    "f1-score": 0.8604651162790697,
                    "support": 114
                },
                "10": {
                    "precision": 0.8958333333333334,
                    "recall": 0.8775510204081632,
                    "f1-score": 0.8865979381443299,
                    "support": 98
                },
                "12": {
                    "precision": 0.0,
                    "recall": 0.0,
                    "f1-score": 0.0,
                    "support": 24
                },
                "15": {
                    "precision": 0.0,
                    "recall": 0.0,
                    "f1-score": 0.0,