{
    "difficulty": {
        "train": {
            "accuracy": 0.7875,
            "precision": 0.741107486797142,
            "recall": 0.7875,
            "f1": 0.7563424230090896,
            "report": {
                "advanced": {
                    "precision": 0.0,
                    "recall": 0.0,
                    "f1-score": 0.0,
                    "support": 11
                },
                "beginner": {
                    "precision": 0.8078817733990148,
                    "recall": 0.9371428571428572,
                    "f1-score": 0.8677248677248677,
                    "support": 175
                },
                "intermediate": {
                    "precision": 0.6756756756756757,
                    "recall": 0.46296296296296297,
                    "f1-score": 0.5494505494505494,
                    "support": 54
                },
                "accuracy": 0.7875,
                "macro avg": {
                    "precision": 0.4945191496915635,
                    "recall": 0.4667019400352734,
                    "f1-score": 0.47239180572513906,
                    "support": 240
                },
                "weighted avg": {
                    "precision": 0.741107486797142,
                    "recall": 0.7875,
                    "f1-score": 0.7563424230090896,
                    "support": 240
                }
            },
            "confusion_matrix": [
                [
                    0,
                    10,
                    1
                ],
                [
                    0,
                    164,
                    11
                ],
                [
                    0,
                    29,
                    25
                ]
            ]
        },
        "test": {
            "accuracy": 0.6333333333333333,
            "precision": 0.6118518518518518,
            "recall": 0.6333333333333333,
            "f1": 0.6222043873729267,
            "report": {
                "advanced": {
                    "precision": 0.0,
                    "recall": 0.0,
                    "f1-score": 0.0,
                    "support": 3
                },
                "beginner": {
                    "precision": 0.7555555555555555,
                    "recall": 0.7727272727272727,
                    "f1-score": 0.7640449438202247,
                    "support": 44
                },
                "intermediate": {
                    "precision": 0.26666666666666666,
                    "recall": 0.3076923076923077,
                    "f1-score": 0.28571428571428575,
                    "support": 13
                },
                "accuracy": 0.6333333333333333,
                "macro avg": {
                    "precision": 0.34074074074074073,
                    "recall": 0.36013986013986016,
                    "f1-score": 0.34991974317817015,
                    "support": 60
                },
                "weighted avg": {
                    "precision": 0.6118518518518518,
                    "recall": 0.6333333333333333,
                    "f1-score": 0.6222043873729267,
                    "support": 60
                }
            },
            "confusion_matrix": [
                [
                    0,
                    2,
                    1
                ],
                [
                    0,
                    34,
                    10
                ],
                [
                    0,
                    9,
                    4
                ]
            ]
        }
    },
    "sets": {
        "train": {
            "accuracy": 0.7541666666666667,
            "precision": 0.7871585057170288,
            "recall": 0.7541666666666667,
            "f1": 0.7243719922557097,
            "report": {
                "2": {
                    "precision": 0.7192982456140351,
                    "recall": 0.968503937007874,
                    "f1-score": 0.8255033557046979,
                    "support": 127
                },
                "3": {
                    "precision": 0.835820895522388,
                    "recall": 0.5957446808510638,
                    "f1-score": 0.6956521739130435,
                    "support": 94
                },
                "4": {
                    "precision": 1.0,
                    "recall": 0.10526315789473684,
                    "f1-score": 0.1904761904761905,
                    "support": 19
                },
                "accuracy": 0.7541666666666667,
                "macro avg": {
                    "precision": 0.8517063803788076,
                    "recall": 0.5565039252512248,
                    "f1-score": 0.5705439066979773,
                    "support": 240
                },
                "weighted avg": {
                    "precision": 0.7871585057170288,
                    "recall": 0.7541666666666667,
                    "f1-score": 0.7243719922557097,
                    "support": 240
                }
            },
            "confusion_matrix": [
                [
                    123,
                    4,
                    0
                ],
                [
                    38,
                    56,
                    0
                ],
                [
                    10,
                    7,
                    2
                ]
            ]
        },
        "test": {
            "accuracy": 0.43333333333333335,
            "precision": 0.3309214594928881,
            "recall": 0.43333333333333335,
            "f1": 0.3611474219317356,
            "report": {
                "2": {
                    "precision": 0.4897959183673469,
                    "recall": 0.75,
                    "f1-score": 0.5925925925925924,
                    "support": 32
                },
                "3": {
                    "precision": 0.18181818181818182,
                    "recall": 0.08695652173913043,
                    "f1-score": 0.1176470588235294,
                    "support": 23
                },
                "4": {
                    "precision": 0.0,
                    "recall": 0.0,
                    "f1-score": 0.0,
                    "support": 5
                },
                "accuracy": 0.43333333333333335,
                "macro avg": {
                    "precision": 0.22387136672850957,
                    "recall": 0.2789855072463768,
                    "f1-score": 0.23674655047204063,
                    "support": 60
                },
                "weighted avg": {
                    "precision": 0.3309214594928881,
                    "recall": 0.43333333333333335,
                    "f1-score": 0.3611474219317356,
                    "support": 60
                }
            },
            "confusion_matrix": [
                [
                    24,
                    8,
                    0
                ],
                [
                    21,
                    2,
                    0
                ],
                [
                    4,
                    1,
                    0
                ]
            ]
        }
    },
    "reps": {
        "train": {
            "accuracy": 0.8208333333333333,
            "precision": 0.721384174872547,
            "recall": 0.8208333333333333,
            "f1": 0.7677018367937687,
            "report": {
                "8": {
                    "precision": 0.8108108108108109,
                    "recall": 0.8910891089108911,
                    "f1-score": 0.8490566037735849,
                    "support": 101
                },
                "10": {
                    "precision": 0.8294573643410853,
                    "recall": 0.9727272727272728,
                    "f1-score": 0.895397489539749,
                    "support": 110
                },
                "12": {
                    "precision": 0.0,
                    "recall": 0.0,