{
    "difficulty": {
        "accuracy": 0.73,
        "precision": 0.702090395480226,
        "recall": 0.73,
        "f1": 0.7039234449760765,
        "report": {
            "advanced": {
                "precision": 0.4,
                "recall": 0.13333333333333333,
                "f1-score": 0.2,
                "support": 15
            },
            "beginner": {
                "precision": 0.864406779661017,
                "recall": 0.9272727272727272,
                "f1-score": 0.8947368421052632,
                "support": 55
            },
            "intermediate": {
                "precision": 0.5555555555555556,
                "recall": 0.6666666666666666,
                "f1-score": 0.606060606060606,
                "support": 30
            },
            "accuracy": 0.73,
            "macro avg": {
                "precision": 0.6066541117388575,
                "recall": 0.5757575757575757,
                "f1-score": 0.5669324827219564,
                "support": 100
            },
            "weighted avg": {
                "precision": 0.702090395480226,
                "recall": 0.73,
                "f1-score": 0.7039234449760765,
                "support": 100
            }
        },
        "confusion_matrix": [
            [
                2,
                0,
                13
            ],
            [
                1,
                51,
                3
            ],
            [
                2,
                8,
                20
            ]
        ]
    },
    "sets": {
        "accuracy": 0.51,
        "report": {
            "1": {
                "precision": 0.6666666666666666,
                "recall": 0.5,
                "f1-score": 0.5714285714285715,
                "support": 16
            },
            "2": {
                "precision": 0.625,
                "recall": 0.4838709677419355,
                "f1-score": 0.5454545454545454,
                "support": 31
            },
            "3": {
                "precision": 0.4897959183673469,
                "recall": 0.6857142857142857,
                "f1-score": 0.5714285714285715,
                "support": 35
            },
            "4": {
                "precision": 0.26666666666666666,
                "recall": 0.2222222222222222,
                "f1-score": 0.2424242424242424,
                "support": 18
            },
            "accuracy": 0.51,
            "macro avg": {
                "precision": 0.51203231292517,
                "recall": 0.47295186891961083,
                "f1-score": 0.48268398268398277,
                "support": 100
            },
            "weighted avg": {
                "precision": 0.5198452380952381,
                "recall": 0.51,
                "f1-score": 0.5041558441558442,
                "support": 100
            }
        },
        "confusion_matrix": [
            [
                8,
                7,
                0,
                1
            ],
            [
                4,
                15,
                11,
                1
            ],
            [
                0,
                2,
                24,
                9
            ],
            [
                0,
                0,
                14,
                4
            ]
        ]
    },
    "reps": {
        "accuracy": 0.39,
        "report": {
            "5": {
                "precision": 0.45454545454545453,
                "recall": 0.2777777777777778,
                "f1-score": 0.3448275862068966,
                "support": 18
            },
            "8": {
                "precision": 0.38095238095238093,
                "recall": 0.64,
                "f1-score": 0.4776119402985074,
                "support": 25
            },
            "10": {
                "precision": 0.37037037037037035,
                "recall": 0.35714285714285715,
                "f1-score": 0.36363636363636365,
                "support": 28
            },
            "12": {
                "precision": 0.2,
                "recall": 0.13333333333333333,
                "f1-score": 0.16,
                "support": 15
            },
            "15": {
                "precision": 0.6,
                "recall": 0.42857142857142855,
                "f1-score": 0.5,
                "support": 14
            },
            "accuracy": 0.39,
            "macro avg": {
                "precision": 0.4011736411736411,
                "recall": 0.3673650793650794,
                "f1-score": 0.3692151780283535,
                "support": 100
            },
            "weighted avg": {
                "precision": 0.39475998075998076,
                "recall": 0.39,
                "f1-score": 0.37729013241005005,
                "support": 100
            }
        },
        "confusion_matrix": [
            [
                5,
                11,
                1,
                1,
                0
            ],
            [
                5,
                16,
                4,
                0,
                0
            ],
            [
                0,
                13,
                10,
                2,
                3
            ],
            [
                0,
                2,
                10,
                2,
                1
            ],
            [
                1,
                0,
                2,
                5,
                6
            ]
        ]
    }
}