{
    "difficulty": {
        "accuracy": 0.72,
        "precision": 0.688978494623656,
        "recall": 0.72,
        "f1": 0.7025194095133953,
        "report": {
            "advanced": {
                "precision": 0.125,
                "recall": 0.08333333333333333,
                "f1-score": 0.1,
                "support": 12
            },
            "beginner": {
                "precision": 0.8225806451612904,
                "recall": 0.9107142857142857,
                "f1-score": 0.864406779661017,
                "support": 56
            },
            "intermediate": {
                "precision": 0.6666666666666666,
                "recall": 0.625,
                "f1-score": 0.6451612903225806,
                "support": 32
            },
            "accuracy": 0.72,
            "macro avg": {
                "precision": 0.5380824372759857,
                "recall": 0.5396825396825397,
                "f1-score": 0.5365226899945325,
                "support": 100
            },
            "weighted avg": {
                "precision": 0.688978494623656,
                "recall": 0.72,
                "f1-score": 0.7025194095133953,
                "support": 100
            }
        },
        "confusion_matrix": [
            [
                1,
                3,
                8
            ],
            [
                3,
                51,
                2
            ],
            [
                4,
                8,
                20
            ]
        ]
    },
    "sets": {
        "accuracy": 0.53,
        "report": {
            "1": {
                "precision": 0.5,
                "recall": 0.4444444444444444,
                "f1-score": 0.47058823529411764,
                "support": 18
            },
            "2": {
                "precision": 0.5581395348837209,
                "recall": 0.6666666666666666,
                "f1-score": 0.6075949367088608,
                "support": 36
            },
            "3": {
                "precision": 0.43333333333333335,
                "recall": 0.4482758620689655,
                "f1-score": 0.44067796610169496,
                "support": 29
            },
            "4": {
                "precision": 0.7272727272727273,
                "recall": 0.47058823529411764,
                "f1-score": 0.5714285714285714,
                "support": 17
            },
            "accuracy": 0.53,
            "macro avg": {
                "precision": 0.5546863988724454,
                "recall": 0.5074938021185486,
                "f1-score": 0.5225724273833112,
                "support": 100
            },
            "weighted avg": {
                "precision": 0.5402332628611698,
                "recall": 0.53,
                "f1-score": 0.5283795268804797,
                "support": 100
            }
        },
        "confusion_matrix": [
            [
                8,
                6,
                4,
                0
            ],
            [
                8,
                24,
                4,
                0
            ],
            [
                0,
                13,
                13,
                3
            ],
            [
                0,
                0,
                9,
                8
            ]
        ]
    },
    "reps": {
        "accuracy": 0.41,
        "report": {
            "5": {
                "precision": 0.36363636363636365,
                "recall": 0.2222222222222222,
                "f1-score": 0.27586206896551724,
                "support": 18
            },
            "8": {
                "precision": 0.4888888888888889,
                "recall": 0.7096774193548387,
                "f1-score": 0.5789473684210527,
                "support": 31
            },
            "10": {
                "precision": 0.39285714285714285,
                "recall": 0.4583333333333333,
                "f1-score": 0.4230769230769231,
                "support": 24
            },
            "12": {
                "precision": 0.2727272727272727,
                "recall": 0.3333333333333333,
                "f1-score": 0.3,
                "support": 9
            },
            "15": {
                "precision": 0.2,
                "recall": 0.05555555555555555,
                "f1-score": 0.08695652173913045,
                "support": 18
            },
            "accuracy": 0.41,
            "macro avg": {
                "precision": 0.3436219336219336,
                "recall": 0.3558243727598566,
                "f1-score": 0.3329685764405247,
                "support": 100
            },
            "weighted avg": {
                "precision": 0.37184126984126986,
                "recall": 0.41,
                "f1-score": 0.3733194920758245,
                "support": 100
            }
        },
        "confusion_matrix": [
            [
                4,
                13,
                1,
                0,
                0
            ],
            [
                6,
                22,
                3,
                0,
                0
            ],
            [
                0,
                8,
                11,
                3,
                2
            ],
            [
                0,
                1,
                3,
                3,
                2
            ],
            [
                1,
                1,
                10,
                5,
                1
            ]
        ]
    }
}